Company name,Linkedin
1,第一金證券股份有限公司,https://www.linkedin.com/company/%E7%AC%AC%E4%B8%80%E9%87%91%E8%AD%89%E5%88%B8%E8%82%A1%E4%BB%BD%E6%9C%89%E9%99%90%E5%85%AC%E5%8F%B8?trk=companies_directory
2,第五空间学习中心,https://www.linkedin.com/company/%E7%AC%AC%E4%BA%94%E7%A9%BA%E9%97%B4%E7%AE%A1%E7%90%86%E5%AD%A6%E4%B9%A0%E4%B8%AD%E5%BF%83?trk=companies_directory
3,蛋炒饭专区,https://www.linkedin.com/showcase/%E8%9B%8B%E7%82%92%E9%A5%AD%E4%B8%93%E5%8C%BA?trk=companies_directory
4,蛋糕裙,https://www.linkedin.com/showcase/%E8%9B%8B%E7%B3%95%E8%A3%99?trk=companies_directory
5,调味,https://www.linkedin.com/showcase/%E8%B0%83%E5%91%B3?trk=companies_directory
6,调味品,https://www.linkedin.com/showcase/%E8%B0%83%E5%91%B3%E5%93%81?trk=companies_directory
7,调节阀Control Valve,https://www.linkedin.com/showcase/%E8%B0%83%E8%8A%82%E9%98%80control-valve?trk=companies_directory
8,豆府股份有限公司,https://www.linkedin.com/company/%E8%B1%86%E5%BA%9C%E8%82%A1%E4%BB%BD%E6%9C%89%E9%99%90%E5%85%AC%E5%8F%B8?trk=companies_directory
9,豆米咖手办,https://www.linkedin.com/showcase/%E8%B1%86%E7%B1%B3%E5%92%96%E6%89%8B%E5%8A%9E?trk=companies_directory
10,豆豆有限公司,https://www.linkedin.com/company/%E8%B1%86%E8%B1%86%E6%9C%89%E9%99%90%E5%85%AC%E5%8F%B8?trk=companies_directory
11,达尔嘉（广州）标识设备有限公司,https://www.linkedin.com/company/%E8%BE%BE%E5%B0%94%E5%98%89%EF%BC%88%E5%B9%BF%E5%B7%9E%EF%BC%89%E6%A0%87%E8%AF%86%E8%AE%BE%E5%A4%87%E6%9C%89%E9%99%90%E5%85%AC%E5%8F%B8?trk=companies_directory
12,达明机器（东莞）有限公司,https://www.linkedin.com/company/tatming?trk=companies_directory
13,达美旅行(Diamond Travel),https://www.linkedin.com/company/%E8%BE%BE%E7%BE%8E%E6%97%85%E8%A1%8C?trk=companies_directory
14,达诺DYNOVA®功能性化学品,https://www.linkedin.com/showcase/%E8%BE%BE%E8%AF%BAdynova%C2%AE%E5%8A%9F%E8%83%BD%E6%80%A7%E5%8C%96%E5%AD%A6%E5%93%81?trk=companies_directory
15,达达乐园,https://www.linkedin.com/showcase/%E8%BE%BE%E8%BE%BE%E4%B9%90%E5%9B%AD?trk=companies_directory
16,迪拜激光医学美容展（DUBAI DERMA),https://www.linkedin.com/showcase/%E8%BF%AA%E6%8B%9C%E6%BF%80%E5%85%89%E5%8C%BB%E5%AD%A6%E7%BE%8E%E5%AE%B9%E5%B1%95%EF%BC%88dubai-derma-?trk=companies_directory
17,迪拜激光医疗美容展(DERMA)—专业的美容仪器展,https://www.linkedin.com/showcase/%E8%BF%AA%E6%8B%9C%E6%BF%80%E5%85%89%E5%8C%BB%E7%96%97%E7%BE%8E%E5%AE%B9%E5%B1%95-derma-%E2%80%94%E4%B8%93%E4%B8%9A%E7%9A%84%E7%BE%8E%E5%AE%B9%E4%BB%AA%E5%99%A8%E5%B1%95?trk=companies_directory
18,道格拉斯商学院,https://www.linkedin.com/company/%E9%81%93%E6%A0%BC%E6%8B%89%E6%96%AF%E5%95%86%E5%AD%A6%E9%99%A2?trk=companies_directory
19,達方電子股份有限公司,https://www.linkedin.com/company/%E9%81%94%E6%96%B9%E9%9B%BB%E5%AD%90%E8%82%A1%E4%BB%BD%E6%9C%89%E9%99%90%E5%85%AC%E5%8F%B8?trk=companies_directory
20,電能控管方案,https://www.linkedin.com/showcase/%E9%9B%BB%E8%83%BD%E6%8E%A7%E7%AE%A1%E6%96%B9%E6%A1%88?trk=companies_directory
21,頂航人力資源有限公司,https://www.linkedin.com/company/%E9%A0%82%E8%88%AA%E4%BA%BA%E5%8A%9B%E8%B3%87%E6%BA%90%E6%9C%89%E9%99%90%E5%85%AC%E5%8F%B8?trk=companies_directory
22,顶帆模具公司,https://www.linkedin.com/company/%E9%A1%B6%E5%B8%86%E6%A8%A1%E5%85%B7%E5%85%AC%E5%8F%B8?trk=companies_directory
23,黛寶拉股份有限公司,https://www.linkedin.com/company/%E9%BB%9B%E5%AF%B6%E6%8B%89%E8%82%A1%E4%BB%BD%E6%9C%89%E9%99%90%E5%85%AC%E5%8F%B8?trk=companies_directory
24,鼎石公司,https://www.linkedin.com/company/%E9%BC%8E%E7%9F%B3%E5%85%AC%E5%8F%B8?trk=companies_directory
25,鼎綺國際事業有限公司,https://www.linkedin.com/company/%E9%BC%8E%E7%B6%BA%E5%9C%8B%E9%9A%9B%E4%BA%8B%E6%A5%AD%E6%9C%89%E9%99%90%E5%85%AC%E5%8F%B8?trk=companies_directory
